{"cameraMode":{"drawMode":0,"name":"Shaded","section":"Shading Mode"},"sceneLighting":true,"audioPlay":false,"sceneViewState":{"m_AlwaysRefresh":false,"showFog":true,"showSkybox":true,"showFlares":true,"showImageEffects":true,"showParticleSystems":true,"showVisualEffectGraphs":true,"m_FxEnabled":true},"in2DMode":false,"pivot":{"x":5.318967819213867,"y":0.8910967707633972,"z":38.590118408203128},"rotation":{"x":-0.2896367907524109,"y":-0.052517376840114596,"z":0.015924079343676568,"w":-0.9555421471595764},"size":11.672335624694825,"orthographic":false}